TimeStart,TimeEnd,TBD910Status,TBD910MonthlyThroughput,TBD910MonthlyThroughputTarget,TBD910MaxPumpingRate,TBD910MaxPumpingRateLimit,TBD910PeriodsOfGoodQualityDataPct,TBD910PeriodsOfGoodQualityDataHours,TBD910MaxPumpRateExceedingLimitHours,TBD911Status,TBD911MonthlyThroughput,TBD911MonthlyThroughputTarget,TBD911MaxPumpingRate,TBD911MaxPumpingRateLimit,TBD911PeriodsOfGoodQualityDataPct,TBD911PeriodsOfGoodQualityDataHours,TBD911MaxPumpRateExceedingLimitHours,TBD912Status,TBD912MonthlyThroughput,TBD912MonthlyThroughputTarget,TBD912MaxPumpingRate,TBD912MaxPumpingRateLimit,TBD912PeriodsOfGoodQualityDataPct,TBD912PeriodsOfGoodQualityDataHours,TBD912MaxPumpRateExceedingLimitHours,TBD913Status,TBD913MonthlyThroughput,TBD913MonthlyThroughputTarget,TBD913MaxPumpingRate,TBD913MaxPumpingRateLimit,TBD913PeriodsOfGoodQualityDataPct,TBD913PeriodsOfGoodQualityDataHours,TBD913MaxPumpRateExceedingLimitHours,TB3301Status,TB3301MonthlyThroughput,TB3301MonthlyThroughputTarget,TB3301MaxPumpingRate,TB3301MaxPumpingRateLimit,TB3301PeriodsOfGoodQualityDataPct,TB3301PeriodsOfGoodQualityDataHours,TB3301MaxPumpRateExceedingLimitHours,TBD301Status,TBD301MonthlyThroughput,TBD301MonthlyThroughputTarget,TBD301MaxPumpingRate,TBD301MaxPumpingRateLimit,TBD301PeriodsOfGoodQualityDataPct,TBD301PeriodsOfGoodQualityDataHours,TBD301MaxPumpRateExceedingLimitHours,TUT604Status,TUT604MonthlyThroughput,TUT604MonthlyThroughputTarget,TUT604MaxPumpingRate,TUT604MaxPumpingRateLimit,TUT604PeriodsOfGoodQualityDataPct,TUT604PeriodsOfGoodQualityDataHours,TUT604MaxPumpRateExceedingLimitHours,TUT605Status,TUT605MonthlyThroughput,TUT605MonthlyThroughputTarget,TUT605MaxPumpingRate,TUT605MaxPumpingRateLimit,TUT605PeriodsOfGoodQualityDataPct,TUT605PeriodsOfGoodQualityDataHours,TUT605MaxPumpRateExceedingLimitHours,TUT918Status,TUT918MonthlyThroughput,TUT918MonthlyThroughputTarget,TUT918MaxPumpingRate,TUT918MaxPumpingRateLimit,TUT918PeriodsOfGoodQualityDataPct,TUT918PeriodsOfGoodQualityDataHours,TUT918MaxPumpRateExceedingLimitHours,TOL400Status,TOL400MonthlyThroughput,TOL400MonthlyThroughputTarget,TOL400MaxPumpingRate,TOL400MaxPumpingRateLimit,TOL400PeriodsOfGoodQualityDataPct,TOL400PeriodsOfGoodQualityDataHours,TOL400MaxPumpRateExceedingLimitHours,TOL600Status,TOL600MonthlyThroughput,TOL600MonthlyThroughputTarget,TOL600MaxPumpingRate,TOL600MaxPumpingRateLimit,TOL600PeriodsOfGoodQualityDataPct,TOL600PeriodsOfGoodQualityDataHours,TOL600MaxPumpRateExceedingLimitHours,G354Status,G354MonthlyThroughput,G354MonthlyThroughputTarget,G354MaxPumpingRate,G354MaxPumpingRateLimit,G354PeriodsOfGoodQualityDataPct,G354PeriodsOfGoodQualityDataHours,G354MaxPumpRateExceedingLimitHours,G356Status,G356MonthlyThroughput,G356MonthlyThroughputTarget,G356MaxPumpingRate,G356MaxPumpingRateLimit,G356PeriodsOfGoodQualityDataPct,G356PeriodsOfGoodQualityDataHours,G356MaxPumpRateExceedingLimitHours
2020-01-01T12:00:00,2020-01-31T23:00:00,IN SERVICE,1008.8171936093215,25000,14.168585365651845,12000,1,732,0,IN SERVICE,7548.925034355875,105000,88.81855715279009,12000,1,732,0,IN SERVICE,28119.344530365048,70000,4544.727166163254,21000,1,732,0,OOS,0,25000,0,7800,NaN,0,0,IN SERVICE,10195.324620647381,45833.333333333336,1272.1240907989477,7500,1,732,0,IN SERVICE,206042.20940538318,166666.66666666666,1618.9089206485296,9000,1,732,0,IN SERVICE,306619.86046210246,2102333.3333333335,4253.0154358932705,83208,1,732,0,IN SERVICE,231579.77296063866,2102333.3333333335,3235.7541497367743,83208,1,732,0,OOS,0,1128039.5,0,21000,NaN,0,0,IN SERVICE,50524.2323203729,1355083.3333333333,396.3402987496948,30000,1,732,0,IN SERVICE,1183.4295241378786,5606333.333333333,17.930440965270993,7680,1,732,0,IN SERVICE,128845.6640625,21702276.083333332,3878.6015625,96000,1,732,0,IN SERVICE,0,21717500,0,96000,0,0,0
2020-02-01T00:00:00,2020-02-29T23:00:00,IN SERVICE,1120.8325114474471,25000,17.041519058990716,12000,1,696,0,IN SERVICE,7171.555813657794,105000,80.96719981034137,12000,1,696,0,IN SERVICE,22590.443180524144,70000,5338.1073978240365,21000,1,696,0,OOS,0,25000,0,7800,NaN,0,0,IN SERVICE,10470.812907452459,45833.333333333336,1360.8498314610308,7500,1,696,0,IN SERVICE,7666.415595727412,166666.66666666666,12.471737357340459,9000,1,696,0,IN SERVICE,224196.64793341485,2102333.3333333335,8609.3557883374,83208,1,696,0,IN SERVICE,168266.28060857134,2102333.3333333335,6332.0776531762685,83208,1,696,0,OOS,0,1128039.5,0,21000,NaN,0,0,IN SERVICE,32883.085673001486,1355083.3333333333,319.0356690367126,30000,1,696,0,IN SERVICE,1634.0555164730085,5606333.333333333,430.48286743698117,7680,1,696,0,IN SERVICE,3601322.07421875,21702276.083333332,152623.5703125,96000,1,696,25,IN SERVICE,0,21717500,0,96000,0,0,0
2020-03-01T00:00:00,2020-03-31T23:00:00,IN SERVICE,1193.1859106798686,25000,16.88085742136234,12000,1,743,0,IN SERVICE,8604.448913768165,105000,80.96719981034137,12000,1,743,0,IN SERVICE,13965.91734067111,70000,4109.915037739041,21000,1,743,0,OOS,0,25000,0,7800,NaN,0,0,IN SERVICE,11726.73984686237,45833.333333333336,1707.0255618540843,7500,1,743,0,IN SERVICE,44476.30949705911,166666.66666666666,2731.3004883293092,9000,1,743,0,IN SERVICE,234775.25800170147,2102333.3333333335,5348.091881567845,83208,1,743,0,IN SERVICE,175539.2075195735,2102333.3333333335,4217.837562888936,83208,1,743,0,OOS,0,1128039.5,0,21000,NaN,0,0,IN SERVICE,36072.0795197907,1355083.3333333333,298.42265992126465,30000,1,743,0,IN SERVICE,1028.3854542709348,5606333.333333333,11.404592912292479,7680,1,743,0,IN SERVICE,2925720.984375,21702276.083333332,139349.2734375,96000,1,743,21,IN SERVICE,0,21717500,0,96000,0,0,0
2020-04-01T00:00:00,2020-04-30T23:00:00,IN SERVICE,1148.8685997397338,25000,15.008580069472632,12000,1,720,0,IN SERVICE,7493.749327209727,105000,97.90661137954899,12000,1,720,0,IN SERVICE,9455.890814818458,70000,679.9595389840623,21000,1,720,0,OOS,0,25000,0,7800,NaN,0,0,IN SERVICE,7791.755433668847,45833.333333333336,436.3604921640703,7500,1,720,0,IN SERVICE,206909.14706026073,166666.66666666666,2512.6297999404546,9000,1,719,0,IN SERVICE,266846.03944775515,2102333.3333333335,10367.070707502651,83208,1,720,0,IN SERVICE,199656.56170851176,2102333.3333333335,7517.780236919311,83208,1,720,0,OOS,0,1128039.5,0,21000,NaN,0,0,IN SERVICE,42495.17299340331,1355083.3333333333,1111.7864128967285,30000,1,720,0,IN SERVICE,3534.0868077426894,5606333.333333333,1310.1737021369934,7680,1,720,0,IN SERVICE,1931924.326171875,21702276.083333332,146071.40625,96000,1,720,13,IN SERVICE,0,21717500,0,96000,0,0,0
2020-05-01T00:00:00,2020-05-31T23:00:00,IN SERVICE,1215.1080013764197,25000,20.577340139079723,12000,1,744,0,IN SERVICE,8316.323248952356,105000,80.96719981034137,12000,1,744,0,IN SERVICE,14031.728899880887,70000,5506.011048373141,21000,1,744,0,OOS,0,25000,0,7800,NaN,0,0,IN SERVICE,14313.362394215426,45833.333333333336,1842.645047789242,7500,1,744,0,IN SERVICE,14439.477803006295,166666.66666666666,111.8284855865118,9000,1,744,0,IN SERVICE,332730.1381026375,2102333.3333333335,13211.518925713224,83208,1,744,0,IN SERVICE,245450.2857486449,2102333.3333333335,9685.805762049566,83208,1,744,0,OOS,0,1128039.5,0,21000,NaN,0,0,IN SERVICE,30154.975127495283,1355083.3333333333,327.6736923023987,30000,1,744,0,IN SERVICE,1367.8872682617184,5606333.333333333,26.86720318908691,7680,1,744,0,IN SERVICE,1941844.81640625,21702276.083333332,133348.93359375,96000,1,744,12,IN SERVICE,0,21717500,0,96000,0,0,0
2020-06-01T00:00:00,2020-06-30T23:00:00,IN SERVICE,1121.625699217474,25000,20.248426550234235,12000,1,720,0,IN SERVICE,6841.072353958291,105000,97.79541985148913,12000,1,720,0,IN SERVICE,6759.517937372604,70000,60.89576466512251,21000,1,720,0,OOS,0,25000,0,7800,NaN,0,0,IN SERVICE,17229.477180202844,45833.333333333336,923.3889101656451,7500,1,720,0,IN SERVICE,12133.044127312227,166666.66666666666,81.81107258796692,9000,1,720,0,IN SERVICE,262330.9757103555,2102333.3333333335,14027.289060546016,83208,1,720,0,IN SERVICE,195766.585351059,2102333.3333333335,10292.729968067712,83208,1,720,0,OOS,0,1128039.5,0,21000,NaN,0,0,IN SERVICE,33469.56770313716,1355083.3333333333,323.414806121521,30000,1,720,0,IN SERVICE,1176.3631864059446,5606333.333333333,17.351717289733887,7680,1,720,0,IN SERVICE,2956665.427734375,21702276.083333332,145817.4375,96000,1,720,19,IN SERVICE,0,21717500,0,96000,0,0,0
2020-07-01T00:00:00,2020-07-31T23:00:00,IN SERVICE,1237.871351829057,25000,16.54182341439853,12000,0,742,0,IN SERVICE,5387.802788600245,105000,121.45079971551206,12000,1,744,0,IN SERVICE,11502.011299448555,70000,2942.5770025337542,21000,1,744,0,OOS,0,25000,0,7800,NaN,0,0,IN SERVICE,16492.737635587266,45833.333333333336,412.0513178813547,7500,1,744,0,IN SERVICE,10105.465234419036,166666.66666666666,33.17307652263191,9000,1,744,0,IN SERVICE,327089.7792265309,2102333.3333333335,19177.811750470362,83208,1,744,0,IN SERVICE,241330.51608788522,2102333.3333333335,14429.435535720591,83208,1,744,0,OOS,0,1128039.5,0,21000,NaN,0,0,IN SERVICE,35525.073189173134,1355083.3333333333,317.60267909820556,30000,1,744,0,IN SERVICE,1384.2761840011606,5606333.333333333,47.2756850578308,7680,1,744,0,IN SERVICE,1257174.26953125,21702276.083333332,143716.986328125,96000,1,743,8,IN SERVICE,0,21717500,0,96000,0,0,0
2020-08-01T00:00:00,2020-08-31T23:00:00,IN SERVICE,1284.3835284486045,25000,23.95376463380515,12000,0,742,0,IN SERVICE,5882.528489858379,105000,132.73673981358743,12000,0,742,0,IN SERVICE,7371.795946830076,70000,71.09513185001757,21000,0,742,0,OOS,0,25000,0,7800,NaN,0,0,IN SERVICE,16156.696610961651,45833.333333333336,528.1589178343686,7500,0,742,0,IN SERVICE,140207.82261480074,166666.66666666666,2454.5342690775715,9000,0,742,0,IN SERVICE,717971.4071278938,2102333.3333333335,13204.253656141693,83208,0,742,0,IN SERVICE,533690.2458741748,2102333.3333333335,9854.201675338947,83208,0,742,0,OOS,0,1128039.5,0,21000,NaN,0,0,IN SERVICE,35645.05686887283,1355083.3333333333,485.59319188934325,30000,0,742,0,IN SERVICE,1288.4181236045833,5606333.333333333,17.03389719314575,7680,0,742,0,IN SERVICE,1177754.279296875,21702276.083333332,139697.00390625,96000,1,744,7,IN SERVICE,0,21717500,0,96000,0,0,0
2020-09-01T00:00:00,2020-09-30T23:00:00,IN SERVICE,996.7966669892851,25000,12.147031846516876,12000,1,720,0,IN SERVICE,6639.986181846312,105000,92.25313990841676,12000,1,720,0,IN SERVICE,5443.732230869844,70000,58.393837620783096,21000,1,720,0,OOS,0,25000,0,7800,NaN,0,0,IN SERVICE,21852.095328476957,45833.333333333336,936.854038925204,7500,1,720,0,IN SERVICE,825796.2763578161,166666.66666666666,2454.8506349578615,9000,1,720,0,IN SERVICE,625671.3926469684,2102333.3333333335,13194.400220956706,83208,1,720,0,IN SERVICE,465549.10985033005,2102333.3333333335,9713.83308690021,83208,1,720,0,OOS,0,1128039.5,0,21000,NaN,0,0,IN SERVICE,27932.805228914323,1355083.3333333333,302.5579548953247,30000,1,720,0,IN SERVICE,1439.334876988221,5606333.333333333,433.08516882934566,7680,1,720,0,IN SERVICE,1598307.8671875,21702276.083333332,117035.1328125,96000,1,720,13,IN SERVICE,0,21717500,0,96000,0,0,0
2020-10-01T00:00:00,2020-10-31T23:00:00,IN SERVICE,1113.0688856984307,25000,12.993351811661617,12000,1,744,0,IN SERVICE,7796.50779711822,105000,104.58922221594634,12000,1,744,0,IN SERVICE,7962.841246236324,70000,682.8991737618318,21000,1,744,0,OOS,0,25000,0,7800,NaN,0,0,IN SERVICE,19353.36143363824,45833.333333333336,2472.6978760637876,7500,1,744,0,IN SERVICE,640896.9601556518,166666.66666666666,871.0337607316144,9000,1,744,0,IN SERVICE,310828.60981948365,2102333.3333333335,12931.592362810154,83208,1,744,0,IN SERVICE,229205.72037581788,2102333.3333333335,9544.499231469374,83208,1,744,0,OOS,0,1128039.5,0,21000,NaN,0,0,IN SERVICE,50880.13992282729,1355083.3333333333,411.3399288636017,30000,1,744,0,IN SERVICE,1336.7729414920805,5606333.333333333,417.3174469150543,7680,1,744,0,IN SERVICE,3015653.484375,21702276.083333332,137393.15625,96000,1,744,15,IN SERVICE,0,21717500,0,96000,0,0,0
2020-11-01T00:00:00,2020-11-30T23:00:00,IN SERVICE,1110.7690206810428,25000,12.658112961492176,12000,1,721,0,IN SERVICE,7055.870912402905,105000,80.96719981034137,12000,1,721,0,IN SERVICE,6921.151230391331,70000,837.713032093451,21000,1,721,0,OOS,0,25000,0,7800,NaN,0,0,IN SERVICE,9663.831918021087,45833.333333333336,453.6188516868704,7500,1,721,0,IN SERVICE,621328.8904873101,166666.66666666666,876.845036454088,9000,1,721,0,IN SERVICE,639854.1765039961,2102333.3333333335,8719.337068472794,83208,1,721,0,IN SERVICE,476537.0188329571,2102333.3333333335,6472.385729218783,83208,1,721,0,OOS,0,1128039.5,0,21000,NaN,0,0,IN SERVICE,30129.962939477715,1355083.3333333333,332.4503254307556,30000,1,721,0,IN SERVICE,1544.796404924011,5606333.333333333,390.98030595130916,7680,1,721,0,IN SERVICE,164723.015625,21702276.083333332,14834.859375,96000,1,721,0,IN SERVICE,0,21717500,0,96000,0,0,0
2020-12-01T00:00:00,2020-12-31T23:00:00,IN SERVICE,1104.2185800539576,25000,13.828286306423243,12000,1,744,0,IN SERVICE,2733.2248959292037,105000,50.59832257434892,12000,1,744,0,IN SERVICE,15081.626583224366,70000,918.1321156615037,21000,1,744,0,OOS,0,25000,0,7800,NaN,0,0,IN SERVICE,9221.695853817506,45833.333333333336,455.4319823737018,7500,1,744,0,IN SERVICE,644247.9891976624,166666.66666666666,893.9401034708097,9000,1,744,0,IN SERVICE,479715.74209785066,2102333.3333333335,14373.993574031065,83208,1,744,0,IN SERVICE,359951.6351312149,2102333.3333333335,10679.459649629543,83208,1,744,0,OOS,0,1128039.5,0,21000,NaN,0,0,IN SERVICE,44142.466744229285,1355083.3333333333,436.76798459060666,30000,1,744,0,IN SERVICE,5087.807809527971,5606333.333333333,1916.6688366062162,7680,1,744,0,IN SERVICE,2015491.81640625,21702276.083333332,124744.34765625,96000,1,744,14,IN SERVICE,0,21717500,0,96000,0,0,0
2021-01-01T00:00:00,2021-01-31T23:00:00,IN SERVICE,1113.7178575102694,25000,12.482270696686317,12000,1,744,0,IN SERVICE,2705.276287620642,105000,46.09259476507898,12000,1,744,0,IN SERVICE,11193.339287836423,70000,907.3836713198799,21000,1,744,0,OOS,0,25000,0,7800,NaN,0,0,IN SERVICE,11090.936099746776,45833.333333333336,575.0022361105903,7500,1,744,0,IN SERVICE,646633.8873497524,166666.66666666666,901.0690460805818,9000,1,744,0,IN SERVICE,341193.68359923846,2102333.3333333335,11951.495773333982,83208,1,744,0,IN SERVICE,253347.9678517522,2102333.3333333335,8889.366816460197,83208,1,744,0,OOS,0,1128039.5,0,21000,NaN,0,0,IN SERVICE,44537.9051611995,1355083.3333333333,450.01562584030154,30000,1,744,0,IN SERVICE,3089.567067071915,5606333.333333333,1404.406817678833,7680,1,744,0,IN SERVICE,2870719.810546875,21702276.083333332,128972.07421875,96000,1,744,19,IN SERVICE,0,21717500,0,96000,0,0,0
2021-02-01T00:00:00,2021-02-28T23:00:00,IN SERVICE,1063.1119717618592,25000,13.328590661831058,12000,1,672,0,IN SERVICE,2278.4293078587766,105000,48.37202109030603,12000,1,672,0,IN SERVICE,8435.923016489902,70000,614.9793654691229,21000,1,672,0,OOS,0,25000,0,7800,NaN,0,0,IN SERVICE,23192.804617395093,45833.333333333336,1215.1068457577428,7500,1,672,0,IN SERVICE,320315.4067350268,166666.66666666666,883.7881590475247,9000,1,672,0,IN SERVICE,818448.0100342524,2102333.3333333335,76220.26076500192,83208,1,672,0,IN SERVICE,467832.05597993743,2102333.3333333335,13126.873429471469,83208,1,671,0,OOS,0,1128039.5,0,21000,NaN,0,0,IN SERVICE,78882.21230905646,1355083.3333333333,45333.8566948467,30000,0,670,1,IN SERVICE,3725.422543717576,5606333.333333333,1470.2825817386627,7680,1,672,0,IN SERVICE,1897912.48828125,21702276.083333332,135311.572265625,96000,1,672,13,IN SERVICE,0,21717500,0,96000,0,0,0
2021-03-01T00:00:00,2021-03-31T23:00:00,IN SERVICE,1145.2050083809002,25000,11.787757003316418,12000,1,743,0,IN SERVICE,36493.22629653684,105000,3265.779190494727,12000,1,743,0,IN SERVICE,22226.947627803253,70000,4860.500921000631,21000,1,743,0,OOS,0,25000,0,7800,NaN,0,0,IN SERVICE,67603.00908948238,45833.333333333336,2830.6544735215252,7500,1,743,0,IN SERVICE,166180.7410766163,166666.66666666666,1274.4637709489957,9000,1,743,0,IN SERVICE,821329.1117848596,2102333.3333333335,16366.154947638077,83208,1,743,0,IN SERVICE,623145.1211294481,2102333.3333333335,12214.437263022195,83208,1,743,0,OOS,0,1128039.5,0,21000,NaN,0,0,IN SERVICE,31207.462813391194,1355083.3333333333,318.8686538923645,30000,1,743,0,IN SERVICE,18643.489301792863,5606333.333333333,2358.9916533269047,7680,0,711,0,IN SERVICE,1954548.09375,21702276.083333332,123730.03125,96000,1,742,13,IN SERVICE,0,21717500,0,96000,0,0,0
2021-04-01T00:00:00,2021-04-30T23:00:00,IN SERVICE,36560.16099366045,25000,2488.155396480239,12000,1,720,0,IN SERVICE,14681.469918124578,105000,3073.346190188649,12000,1,720,0,IN SERVICE,29192.445903553467,70000,5208.087481102625,21000,1,720,0,OOS,0,25000,0,7800,NaN,0,0,IN SERVICE,30235.762851200954,45833.333333333336,1585.5256350376385,7500,1,720,0,IN SERVICE,631429.9779203894,166666.66666666666,2404.5092138455607,9000,1,720,0,IN SERVICE,821551.4343285834,2102333.3333333335,12679.611180887841,83208,1,720,0,IN SERVICE,615688.8114016921,2102333.3333333335,9446.741455371033,83208,1,720,0,OOS,0,1128039.5,0,21000,NaN,0,0,IN SERVICE,43512.45555702211,1355083.3333333333,537.683545260086,30000,1,720,0,IN SERVICE,1285.6278021892547,5606333.333333333,259.20509882240293,7680,1,720,0,IN SERVICE,1096135.8515625,21702276.083333332,111780.046875,96000,1,720,8,IN SERVICE,0,21717500,0,96000,0,0,0
2021-05-01T00:00:00,2021-05-31T23:00:00,IN SERVICE,1369.2976316181264,25000,14.512679581674819,12000,1,744,0,IN SERVICE,3375.11258457456,105000,48.365843783191586,12000,1,744,0,IN SERVICE,4425.038705942743,70000,52.19081974170142,21000,1,744,0,OOS,0,25000,0,7800,NaN,0,0,IN SERVICE,21082.191628931345,45833.333333333336,1319.6834724304754,7500,1,744,0,IN SERVICE,640724.8278319592,166666.66666666666,890.6321926116943,9000,1,744,0,IN SERVICE,675881.3264915589,2102333.3333333335,6119.890935820141,83208,1,744,0,IN SERVICE,509443.5212248105,2102333.3333333335,4619.188552188164,83208,1,744,0,OOS,0,1128039.5,0,21000,NaN,0,0,IN SERVICE,39489.45822571886,1355083.3333333333,397.4225568850708,30000,1,744,0,IN SERVICE,1334.6229309001917,5606333.333333333,320.1595392539978,7680,1,744,0,IN SERVICE,3783199.0546875,21702276.083333332,127301.8359375,96000,1,744,30,IN SERVICE,0,21717500,0,96000,0,0,0
2021-06-01T00:00:00,2021-06-30T23:00:00,IN SERVICE,1326.1036870891257,25000,14.168585365651845,12000,1,720,0,IN SERVICE,3384.9320319636686,105000,46.10742030215363,12000,1,720,0,IN SERVICE,4180.028564672076,70000,42.16239167163701,21000,1,720,0,OOS,0,25000,0,7800,NaN,0,0,IN SERVICE,10568.046242783541,45833.333333333336,424.14707352638453,7500,1,720,0,IN SERVICE,621235.7671718447,166666.66666666666,926.4282729531836,9000,1,720,0,IN SERVICE,892733.7226241163,2102333.3333333335,15413.757907533007,83208,1,720,0,IN SERVICE,678832.4731924096,2102333.3333333335,10738.272656058665,83208,1,720,0,OOS,0,1128039.5,0,21000,NaN,0,0,IN SERVICE,27049.01285971872,1355083.3333333333,890.3343523997497,30000,1,720,0,IN SERVICE,7195.454535797304,5606333.333333333,1629.6308003231047,7680,1,720,0,IN SERVICE,1909177.59375,21702276.083333332,138846.5859375,96000,1,720,13,IN SERVICE,0,21717500,0,96000,0,0,0
2021-07-01T00:00:00,2021-07-31T23:00:00,IN SERVICE,1307.8034410266685,25000,20.240836236645492,12000,1,744,0,IN SERVICE,3476.6872809186593,105000,48.37572747457469,12000,1,744,0,IN SERVICE,4150.028750019299,70000,44.167041291014556,21000,1,744,0,OOS,0,25000,0,7800,NaN,0,0,IN SERVICE,12020.303410539265,45833.333333333336,409.91769561452713,7500,1,744,0,IN SERVICE,664607.2452189676,166666.66666666666,933.0687358585868,9000,1,744,0,IN SERVICE,1085682.6702153475,2102333.3333333335,16588.139630482652,83208,1,744,0,IN SERVICE,815498.391310803,2102333.3333333335,12850.946988093725,83208,1,744,0,OOS,0,1128039.5,0,21000,NaN,0,0,IN SERVICE,46827.96003535218,1355083.3333333333,527.9081488613892,30000,1,744,0,IN SERVICE,3304.749629125213,5606333.333333333,1081.9106598609924,7680,1,744,0,IN SERVICE,3800965.423828125,21702276.083333332,132525.421875,96000,1,744,27,IN SERVICE,0,21717500,0,96000,0,0,0
2021-08-01T00:00:00,2021-08-31T23:00:00,IN SERVICE,1311.4341410266177,25000,19.557708013658708,12000,0,740,0,IN SERVICE,3121.7490978145247,105000,40.483599905170685,12000,0,740,0,IN SERVICE,4320.8461354802885,70000,42.81765827848781,21000,0,740,0,OOS,0,25000,0,7800,NaN,0,0,IN SERVICE,15032.422233734495,45833.333333333336,636.4514538751685,7500,0,740,0,IN SERVICE,643747.3768168476,166666.66666666666,908.3902498680775,9000,0,740,0,IN SERVICE,923224.002539863,2102333.3333333335,8254.600604804842,83208,0,740,0,IN SERVICE,686060.018327595,2102333.3333333335,6130.3545376670445,83208,0,740,0,OOS,0,1128039.5,0,21000,NaN,0,0,IN SERVICE,NaN,1355083.3333333333,415.92783487884526,30000,0,740,0,IN SERVICE,NaN,5606333.333333333,716.6018757511139,7680,0,740,0,IN SERVICE,1896218.953125,21702276.083333332,127741.6875,96000,1,744,13,IN SERVICE,0,21717500,0,96000,0,0,0
2021-09-01T00:00:00,2021-09-30T23:00:00,IN SERVICE,1247.751410017072,25000,17.371697700100995,12000,1,720,0,IN SERVICE,4122.134333923359,105000,67.47225468814351,12000,1,720,0,IN SERVICE,5001.753609555685,70000,58.39901759395978,21000,1,720,0,OOS,0,25000,0,7800,NaN,0,0,IN SERVICE,40538.603432137585,45833.333333333336,1596.283394366181,7500,1,720,0,IN SERVICE,625866.821628075,166666.66666666666,892.904874020674,9000,1,720,0,IN SERVICE,978472.9359888152,2102333.3333333335,10274.424968210238,83208,1,720,0,IN SERVICE,724139.1102631945,2102333.3333333335,7515.326963522435,83208,1,720,0,OOS,0,1128039.5,0,21000,NaN,0,0,IN SERVICE,33150.75917469678,1355083.3333333333,334.03028869628906,30000,1,720,0,IN SERVICE,1873.250983527374,5606333.333333333,511.229809638977,7680,1,720,0,IN SERVICE,2853714.486328125,21702276.083333332,128861.7421875,96000,1,720,15,IN SERVICE,0,21717500,0,96000,0,0,0
2021-10-01T00:00:00,2021-10-31T23:00:00,IN SERVICE,1177.9685969867055,25000,15.84351456423426,12000,0,740,0,IN SERVICE,5341.470514319125,105000,69.80974770024626,12000,0,740,0,IN SERVICE,6043.813993482815,70000,473.72667691406787,21000,0,740,0,OOS,0,25000,0,7800,NaN,0,0,IN SERVICE,16250.823643286594,45833.333333333336,534.53289023653,7500,0,740,0,IN SERVICE,645043.7008409882,166666.66666666666,886.786744365542,9000,0,742,0,IN SERVICE,983562.1804225001,2102333.3333333335,15529.878044197738,83208,0,740,0,IN SERVICE,731409.8209076851,2102333.3333333335,11446.774483186728,83208,0,740,0,OOS,0,1128039.5,0,21000,NaN,0,0,IN SERVICE,33896.785761773965,1355083.3333333333,552.5929871960449,30000,0,740,0,IN SERVICE,4278.877131951139,5606333.333333333,1180.1587795211792,7680,0,740,0,IN SERVICE,86000.7421875,21702276.083333332,6278.8359375,96000,1,744,0,IN SERVICE,0,21717500,0,96000,0,0,0
2021-11-01T00:00:00,2021-11-30T23:00:00,IN SERVICE,1310.1007759395277,25000,15.021230592120537,12000,1,721,0,IN SERVICE,4653.337033692248,105000,56.2962706567051,12000,1,721,0,IN SERVICE,11259.958922861775,70000,867.5496775911633,21000,1,721,0,OOS,0,25000,0,7800,NaN,0,0,IN SERVICE,13804.343323186435,45833.333333333336,675.0493978660345,7500,1,721,0,IN SERVICE,649353.4123465031,166666.66666666666,1424.657723644587,9000,1,721,0,IN SERVICE,787299.0391727597,2102333.3333333335,18712.120955886974,83208,1,721,0,IN SERVICE,583722.5934852997,2102333.3333333335,13807.229428306286,83208,1,721,0,OOS,0,1128039.5,0,21000,NaN,0,0,IN SERVICE,27610.08186549043,1355083.3333333333,359.0357961080932,30000,1,721,0,IN SERVICE,1783.6598227523807,5606333.333333333,489.56134379196175,7680,1,721,0,IN SERVICE,1058275.681640625,21702276.083333332,113908.921875,96000,0,719,7,IN SERVICE,0,21717500,0,96000,0,0,0
2021-12-01T00:00:00,2021-12-31T23:00:00,IN SERVICE,1685.8086480596126,25000,14.510149477145237,12000,1,744,0,IN SERVICE,29634.883427348017,105000,3552.366705839046,12000,1,744,0,IN SERVICE,5618.224807299695,70000,739.3310965419449,21000,1,744,0,OOS,0,25000,0,7800,NaN,0,0,IN SERVICE,73647.23711802502,45833.333333333336,3071.9857538585625,7500,1,744,0,IN SERVICE,699379.8196232262,166666.66666666666,957.950717610637,9000,1,744,0,IN SERVICE,668366.112988779,2102333.3333333335,19024.09639663968,83208,1,744,0,IN SERVICE,496521.40157335985,2102333.3333333335,14248.112661788064,83208,1,744,0,OOS,0,1128039.5,0,21000,NaN,0,0,IN SERVICE,33781.47349566172,1355083.3333333333,338.0753954924011,30000,1,744,0,IN SERVICE,1786.6825894878377,5606333.333333333,489.89589126205436,7680,1,744,0,IN SERVICE,81270.205078125,21702276.083333332,3957.1875,96000,1,744,0,IN SERVICE,0,21717500,0,96000,0,0,0
2022-01-01T00:00:00,2022-01-31T23:00:00,IN SERVICE,1441.7977769132629,25000,18.216752612980944,12000,0,713,0,IN SERVICE,2670.351028657042,105000,42.766732614666395,12000,0,713,0,IN SERVICE,42195.53702500134,70000,6033.527861747213,21000,0,713,0,OOS,0,25000,0,7800,NaN,0,0,IN SERVICE,31363.76098199564,45833.333333333336,2219.812089847938,7500,0,713,0,IN SERVICE,670157.872904695,166666.66666666666,991.9208035957156,9000,0,713,0,IN SERVICE,547467.803427195,2102333.3333333335,6847.154127127193,83208,0,713,0,IN SERVICE,407624.2186470772,2102333.3333333335,4984.456503889555,83208,0,713,0,OOS,0,1128039.5,0,21000,NaN,0,0,IN SERVICE,NaN,1355083.3333333333,301.5090997888184,30000,0,713,0,IN SERVICE,NaN,5606333.333333333,19.885371279144284,7680,0,713,0,IN SERVICE,93717.17578125,21702276.083333332,3762.568359375,96000,1,744,0,IN SERVICE,0,21717500,0,96000,0,0,0
2022-02-01T00:00:00,2022-02-28T23:00:00,IN SERVICE,1527.9857877134277,25000,19.403371637354287,12000,0,664,0,IN SERVICE,2645.0487787163124,105000,40.483599905170685,12000,0,664,0,IN SERVICE,25762.938472478283,70000,4708.34697889524,21000,0,664,0,OOS,0,25000,0,7800,NaN,0,0,IN SERVICE,20006.727222857673,45833.333333333336,1535.9312439331281,7500,0,664,0,IN SERVICE,221392.27423601027,166666.66666666666,963.1646879601666,9000,0,664,0,IN SERVICE,743727.933554886,2102333.3333333335,3304.278135084773,83208,0,664,0,IN SERVICE,554440.7861485569,2102333.3333333335,2460.484457426102,83208,0,664,0,OOS,0,1128039.5,0,21000,NaN,0,0,IN SERVICE,NaN,1355083.3333333333,283.90904387741097,30000,0,664,0,IN SERVICE,NaN,5606333.333333333,279.33117048912044,7680,0,664,0,IN SERVICE,78048.919921875,21702276.083333332,1149.66796875,96000,1,672,0,IN SERVICE,0,21717500,0,96000,0,0,0
2022-03-01T00:00:00,2022-03-31T23:00:00,IN SERVICE,1863.2727098689334,25000,28.342230940362853,12000,0,733,0,IN SERVICE,3409.8549952475737,105000,46.12224583922827,12000,0,733,0,IN SERVICE,13703.126941471457,70000,893.2811943463519,21000,0,733,0,OOS,0,25000,0,7800,NaN,0,0,IN SERVICE,20558.19237803736,45833.333333333336,1435.8336551808313,7500,0,733,0,IN SERVICE,7934.031235927676,166666.66666666666,11.690616639110985,9000,0,733,0,IN SERVICE,429229.49147540994,2102333.3333333335,22185.56149461329,83208,0,733,0,IN SERVICE,317827.24160245626,2102333.3333333335,16825.905441992232,83208,0,733,0,OOS,0,1128039.5,0,21000,NaN,0,0,IN SERVICE,NaN,1355083.3333333333,391.5636656213379,30000,0,733,0,IN SERVICE,NaN,5606333.333333333,22.287595905303952,7680,0,733,0,IN SERVICE,97088.619140625,21702276.083333332,6375.55078125,96000,1,743,0,IN SERVICE,0,21717500,0,96000,0,0,0
2022-04-01T00:00:00,2022-04-30T23:00:00,IN SERVICE,1293.5032902254786,25000,15.016170383061375,12000,0,716,0,IN SERVICE,1281.0190628562573,105000,40.483599905170685,12000,0,716,0,IN SERVICE,7094.543062521128,70000,71.08995187684089,21000,0,716,0,OOS,0,25000,0,7800,NaN,0,0,IN SERVICE,22175.908366665793,45833.333333333336,1853.1069687362494,7500,0,716,0,IN SERVICE,7837.695251957399,166666.66666666666,11.939077652110829,9000,0,716,0,IN SERVICE,574582.8024204447,2102333.3333333335,21096.17951755829,83208,0,716,0,IN SERVICE,429271.14165346,2102333.3333333335,16057.125704176484,83208,0,716,0,OOS,0,1128039.5,0,21000,NaN,0,0,IN SERVICE,NaN,1355083.3333333333,970.9091386390685,30000,0,716,0,IN SERVICE,NaN,5606333.333333333,1101.829485887146,7680,0,716,0,IN SERVICE,1447589.349609375,21702276.083333332,138839.3671875,96000,1,720,10,IN SERVICE,0,21717500,0,96000,0,0,0
2022-05-01T00:00:00,2022-05-31T23:00:00,IN SERVICE,0.0,25000,0.0,12000,0,0,0,IN SERVICE,0.0,105000,0.0,12000,0,0,0,IN SERVICE,0.0,70000,0.0,21000,0,0,0,OOS,0,25000,0,7800,NaN,0,0,IN SERVICE,0.0,45833.333333333336,0.0,7500,0,0,0,IN SERVICE,0.0,166666.66666666666,0.0,9000,0,0,0,IN SERVICE,0.0,2102333.3333333335,0.0,83208,0,0,0,IN SERVICE,0.0,2102333.3333333335,0.0,83208,0,0,0,OOS,0,1128039.5,0,21000,NaN,0,0,IN SERVICE,NaN,1355083.3333333333,258.606249508667,30000,0,0,0,IN SERVICE,NaN,5606333.333333333,2878.5313831605076,7680,0,0,0,IN SERVICE,0.0,21702276.083333332,0.0,96000,0,0,0,IN SERVICE,0,21717500,0,96000,0,0,0
2022-06-01T00:00:00,2022-06-30T23:00:00,IN SERVICE,0.0,25000,0.0,12000,0,0,0,IN SERVICE,0.0,105000,0.0,12000,0,0,0,IN SERVICE,0.0,70000,0.0,21000,0,0,0,OOS,0,25000,0,7800,NaN,0,0,IN SERVICE,0.0,45833.333333333336,0.0,7500,0,0,0,IN SERVICE,0.0,166666.66666666666,0.0,9000,0,0,0,IN SERVICE,0.0,2102333.3333333335,0.0,83208,0,0,0,IN SERVICE,0.0,2102333.3333333335,0.0,83208,0,0,0,OOS,0,1128039.5,0,21000,NaN,0,0,IN SERVICE,NaN,1355083.3333333333,826.8184930041505,30000,0,0,0,IN SERVICE,NaN,5606333.333333333,3025.6479508687735,7680,0,0,0,IN SERVICE,0.0,21702276.083333332,0.0,96000,0,0,0,IN SERVICE,0,21717500,0,96000,0,0,0
2022-07-01T00:00:00,2022-07-31T23:00:00,IN SERVICE,1726.3409226234944,25000,20.22565560946801,12000,1,744,0,IN SERVICE,3626.949041015904,105000,67.47101922672063,12000,1,744,0,IN SERVICE,5098.914366430784,70000,48.07533105282426,21000,1,744,0,OOS,0,25000,0,7800,NaN,0,0,IN SERVICE,22355.759052440237,45833.333333333336,1651.8001561010399,7500,1,744,0,IN SERVICE,7904.995606772433,166666.66666666666,11.572730746794873,9000,1,744,0,IN SERVICE,962800.0009669069,2102333.3333333335,24932.483900911044,83208,1,744,0,IN SERVICE,728030.5893451542,2102333.3333333335,19019.95886154793,83208,1,744,0,OOS,0,1128039.5,0,21000,NaN,0,0,IN SERVICE,27332.435889526056,1355083.3333333333,284.2697965892028,30000,1,744,0,IN SERVICE,1737.8313813606264,5606333.333333333,338.65458338470455,7680,1,744,0,IN SERVICE,89563.93359375,21702276.083333332,3200.6953125,96000,1,744,0,IN SERVICE,0,21717500,0,96000,0,0,0
2022-08-01T00:00:00,2022-08-31T23:00:00,IN SERVICE,1388.7085935690698,25000,19.38060069658806,12000,1,744,0,IN SERVICE,4619.547163776284,105000,80.96719981034137,12000,1,744,0,IN SERVICE,4199.013166364633,70000,52.44463842735904,21000,1,744,0,OOS,0,25000,0,7800,NaN,0,0,IN SERVICE,32823.97440925483,45833.333333333336,2410.959543517255,7500,1,744,0,IN SERVICE,7854.832960656197,166666.66666666666,11.305565322008658,9000,1,744,0,IN SERVICE,867603.446076932,2102333.3333333335,10808.028320804786,83208,1,744,0,IN SERVICE,666599.0577291223,2102333.3333333335,7816.537501122042,83208,1,744,0,OOS,0,1128039.5,0,21000,NaN,0,0,IN SERVICE,30810.339213614505,1355083.3333333333,442.8673776622009,30000,1,744,0,IN SERVICE,1769.405059185791,5606333.333333333,62.30990078201294,7680,1,744,0,IN SERVICE,3619031.923828125,21702276.083333332,136888.91015625,96000,1,744,25,IN SERVICE,0,21717500,0,96000,0,0,0
2022-09-01T00:00:00,2022-09-30T23:00:00,IN SERVICE,1444.7858303626977,25000,19.071927943979215,12000,1,720,0,IN SERVICE,14070.57995657949,105000,3100.2026505993726,12000,1,720,0,IN SERVICE,18598.369942568126,70000,6170.974565010698,21000,1,720,0,OOS,0,25000,0,7800,NaN,0,0,IN SERVICE,9642.639132143862,45833.333333333336,2278.4799785861155,7500,1,720,0,IN SERVICE,7798.5195209175035,166666.66666666666,11.742154122102917,9000,1,720,0,IN SERVICE,802231.0711310476,2102333.3333333335,9566.537089768854,83208,1,720,0,IN SERVICE,599983.6157085494,2102333.3333333335,6808.340467649791,83208,1,720,0,OOS,0,1128039.5,0,21000,NaN,0,0,IN SERVICE,25254.884404436172,1355083.3333333333,284.5771044548035,30000,1,720,0,IN SERVICE,5526.74865206573,5606333.333333333,2231.861873388362,7680,1,720,0,IN SERVICE,1922603.935546875,21702276.083333332,136610.578125,96000,1,720,14,IN SERVICE,0,21717500,0,96000,0,0,0
2022-10-01T00:00:00,2022-10-31T23:00:00,IN SERVICE,1482.337641790733,25000,19.07698815303838,12000,1,744,0,IN SERVICE,2710.5232922836444,105000,34.81036105127225,12000,1,744,0,IN SERVICE,21029.84676171803,70000,5725.657450984165,21000,1,744,0,OOS,0,25000,0,7800,NaN,0,0,IN SERVICE,17136.8752843827,45833.333333333336,1114.629373629157,7500,1,744,0,IN SERVICE,8081.436242979818,166666.66666666666,11.931812621242418,9000,1,744,0,IN SERVICE,503146.56597494247,2102333.3333333335,25019.984825849577,83208,1,744,0,IN SERVICE,387501.80460954027,2102333.3333333335,18523.384052742203,83208,1,744,0,OOS,0,1128039.5,0,21000,NaN,0,0,IN SERVICE,54891.02197555966,1355083.3333333333,464.58268673034667,30000,1,744,0,IN SERVICE,1967.1383638103493,5606333.333333333,583.547784884262,7680,1,744,0,IN SERVICE,117648.3984375,21702276.083333332,29378.671875,96000,1,744,0,IN SERVICE,0,21717500,0,96000,0,0,0
2022-11-01T00:00:00,2022-11-30T23:00:00,IN SERVICE,1318.9308407477633,25000,55.52820411070733,12000,1,721,0,IN SERVICE,2506.8080582637626,105000,34.798006437043384,12000,1,721,0,IN SERVICE,13476.782833542962,70000,790.5519663063119,21000,1,721,0,OOS,0,25000,0,7800,NaN,0,0,IN SERVICE,9926.219271043881,45833.333333333336,2282.9164337092093,7500,1,721,0,IN SERVICE,7779.246337260562,166666.66666666666,11.606338536176155,9000,1,721,0,IN SERVICE,624683.5599258373,2102333.3333333335,30139.85042303742,83208,1,721,0,IN SERVICE,472380.1676800617,2102333.3333333335,21989.6904320888,83208,1,721,0,OOS,0,1128039.5,0,21000,NaN,0,0,IN SERVICE,35338.614141719954,1355083.3333333333,367.1994963638306,30000,1,721,0,IN SERVICE,1109.0561457183828,5606333.333333333,75.01966330490113,7680,1,721,0,IN SERVICE,98849.4609375,21702276.083333332,5225.431640625,96000,1,721,0,IN SERVICE,0,21717500,0,96000,0,0,0
2022-12-01T00:00:00,2022-12-31T23:00:00,IN SERVICE,1390.8794232554496,25000,25.45791177664087,12000,1,744,0,IN SERVICE,2615.439710255394,105000,35.07227887292436,12000,1,744,0,IN SERVICE,14401.827623408775,70000,951.1414947299363,21000,1,744,0,OOS,0,25000,0,7800,NaN,0,0,IN SERVICE,15803.558593203159,45833.333333333336,1744.3034391273438,7500,1,744,0,IN SERVICE,7969.095651125123,166666.66666666666,11.69086473617028,9000,1,744,0,IN SERVICE,547424.048552364,2102333.3333333335,10978.194221683692,83208,1,744,0,IN SERVICE,476276.07677369466,2102333.3333333335,71495.73399841355,83208,1,744,0,OOS,0,1128039.5,0,21000,NaN,0,0,IN SERVICE,24487.169230713953,1355083.3333333333,320.20811535003656,30000,1,744,0,IN SERVICE,10450.926015025947,5606333.333333333,2650.9886124907493,7680,0,738,0,IN SERVICE,82152.041015625,21702276.083333332,1736.109375,96000,1,744,0,IN SERVICE,0,21717500,0,96000,0,0,0
2023-01-01T00:00:00,2023-01-31T23:00:00,IN SERVICE,1316.140135451637,25000,14.816292125224502,12000,0,741,0,IN SERVICE,2719.3889634542893,105000,40.47124529094181,12000,0,741,0,IN SERVICE,11717.347964376575,70000,783.3259037248347,21000,0,741,0,OOS,0,25000,0,7800,NaN,0,0,IN SERVICE,24911.775774503574,45833.333333333336,2456.8010454560062,7500,0,741,0,IN SERVICE,7970.615435196902,166666.66666666666,11.670436517929467,9000,0,741,0,IN SERVICE,663322.5093996064,2102333.3333333335,6235.493565429674,83208,0,741,0,IN SERVICE,490009.88701593335,2102333.3333333335,4599.209376035186,83208,0,741,0,OOS,0,1128039.5,0,21000,NaN,0,0,IN SERVICE,34726.560422833114,1355083.3333333333,425.38924280616766,30000,0,741,0,IN SERVICE,3223.901888204955,5606333.333333333,924.2506025688172,7680,0,741,0,IN SERVICE,90141.26953125,21702276.083333332,5510.203125,96000,1,744,0,IN SERVICE,0,21717500,0,96000,0,0,0
2023-02-01T00:00:00,2023-02-28T23:00:00,IN SERVICE,1599.602926527738,25000,19.967584947450778,12000,1,672,0,IN SERVICE,2624.159596978137,105000,40.49595451939956,12000,1,672,0,IN SERVICE,15652.853305256587,70000,4260.8568661210875,21000,1,672,0,OOS,0,25000,0,7800,NaN,0,0,IN SERVICE,37234.575050762185,45833.333333333336,2309.3054414621097,7500,1,672,0,IN SERVICE,7202.30961761313,166666.66666666666,11.588310539957106,9000,1,672,0,IN SERVICE,479913.2499891761,2102333.3333333335,13685.494875879484,83208,1,672,0,IN SERVICE,353418.7546552217,2102333.3333333335,10452.724743681458,83208,1,672,0,OOS,0,1128039.5,0,21000,NaN,0,0,IN SERVICE,31079.30875283001,1355083.3333333333,351.2512202300263,30000,1,672,0,IN SERVICE,1199.2536194732668,5606333.333333333,244.46535004348755,7680,1,672,0,IN SERVICE,70409.63671875,21702276.083333332,1935.404296875,96000,1,672,0,IN SERVICE,0,21717500,0,96000,0,0,0
2023-03-01T00:00:00,2023-03-31T23:00:00,IN SERVICE,1359.1417920363892,25000,15.028820905709278,12000,1,743,0,IN SERVICE,2817.8181750157178,105000,40.419355911180546,12000,1,743,0,IN SERVICE,16823.221624770238,70000,4064.222494347492,21000,1,743,0,OOS,0,25000,0,7800,NaN,0,0,IN SERVICE,8668.958817717208,45833.333333333336,1903.0341780199867,7500,1,743,0,IN SERVICE,8058.427811811539,166666.66666666666,11.69086473617028,9000,1,743,0,IN SERVICE,468443.41334931616,2102333.3333333335,15834.561110868102,83208,1,743,0,IN SERVICE,345879.31854450435,2102333.3333333335,11706.556721522129,83208,1,743,0,OOS,0,1128039.5,0,21000,NaN,0,0,IN SERVICE,60008.63823307208,1355083.3333333333,1235.9638428710175,30000,1,743,0,IN SERVICE,3221.5447405918103,5606333.333333333,1307.0046251930237,7680,1,743,0,IN SERVICE,79038.134765625,21702276.083333332,6659.70703125,96000,0,740,0,IN SERVICE,0,21717500,0,96000,0,0,0
2023-04-01T00:00:00,2023-04-30T23:00:00,IN SERVICE,1328.4971659741077,25000,19.38566090564722,12000,1,720,0,IN SERVICE,2803.753682177571,105000,46.22849552159658,12000,1,720,0,IN SERVICE,6437.427205246263,70000,84.97745996353648,21000,1,720,0,OOS,0,25000,0,7800,NaN,0,0,IN SERVICE,13701.689645993665,45833.333333333336,2076.1825556127365,7500,1,720,0,IN SERVICE,7820.715529008408,166666.66666666666,11.69086473617028,9000,1,720,0,IN SERVICE,496348.56430232245,2102333.3333333335,9949.357418399693,83208,1,720,0,IN SERVICE,365534.9878632236,2102333.3333333335,7332.735850619065,83208,1,720,0,OOS,0,1128039.5,0,21000,NaN,0,0,IN SERVICE,34873.532079707984,1355083.3333333333,431.18132801216126,30000,1,720,0,IN SERVICE,2391.891562725447,5606333.333333333,629.691439509201,7680,1,720,0,IN SERVICE,1749972.779296875,21702276.083333332,131263.125,96000,1,720,13,IN SERVICE,0,21717500,0,96000,0,0,0
2023-05-01T00:00:00,2023-05-31T23:00:00,IN SERVICE,1448.214122000278,25000,19.914452752329584,12000,1,744,0,IN SERVICE,3906.0854885187896,105000,48.27318417647504,12000,1,744,0,IN SERVICE,12899.692381874724,70000,5759.114897732381,21000,1,744,0,OOS,0,25000,0,7800,NaN,0,0,IN SERVICE,45666.19752689307,45833.333333333336,2069.7391060149116,7500,1,744,0,IN SERVICE,8065.837505500614,166666.66666666666,11.782599794113729,9000,1,744,0,IN SERVICE,571684.4206380881,2102333.3333333335,9824.437140446733,83208,1,744,0,IN SERVICE,421574.10857082886,2102333.3333333335,7485.882640060237,83208,1,744,0,OOS,0,1128039.5,0,21000,NaN,0,0,IN SERVICE,35103.08437470593,1355083.3333333333,390.5281717263794,30000,1,744,0,IN SERVICE,978.9823514373782,5606333.333333333,28.823002457427975,7680,1,744,0,IN SERVICE,930345.609375,21702276.083333332,120810.703125,96000,1,744,7,IN SERVICE,0,21717500,0,96000,0,0,0
2023-06-01T00:00:00,2023-06-30T23:00:00,IN SERVICE,1501.4576417207759,25000,19.38566090564722,12000,0,709,0,IN SERVICE,6126.33938889665,105000,2346.0535243019367,12000,0,709,0,IN SERVICE,7370.143535386717,70000,66.76467427430794,21000,0,709,0,OOS,0,25000,0,7800,NaN,0,0,IN SERVICE,31353.576969831316,45833.333333333336,2131.9167137340264,7500,0,709,0,IN SERVICE,7590.855453767179,166666.66666666666,11.464422337182864,9000,0,709,0,IN SERVICE,508507.91350859223,2102333.3333333335,14294.392038149485,83208,0,704,0,IN SERVICE,386004.03707712516,2102333.3333333335,10025.713977033814,83208,0,709,0,OOS,0,1128039.5,0,21000,NaN,0,0,IN SERVICE,NaN,1355083.3333333333,349.4491268225098,30000,0,709,0,IN SERVICE,NaN,5606333.333333333,12.246609791564941,7680,0,709,0,IN SERVICE,93556.96875,21702276.083333332,4719.421875,96000,1,720,0,IN SERVICE,0,21717500,0,96000,0,0,0
2023-07-01T00:00:00,2023-07-31T23:00:00,IN SERVICE,15270.248540130922,25000,2937.345094452935,12000,0,742,0,IN SERVICE,3382.328914745644,105000,48.36337286034581,12000,0,742,0,IN SERVICE,5456.850512939802,70000,52.50938809206762,21000,0,742,0,OOS,0,25000,0,7800,NaN,0,0,IN SERVICE,21526.05453762716,45833.333333333336,2124.5610957931353,7500,0,742,0,IN SERVICE,8050.7782129471825,166666.66666666666,11.72120162328397,9000,0,742,0,IN SERVICE,451690.71719101723,2102333.3333333335,8675.389940715804,83208,0,742,0,IN SERVICE,333149.998951469,2102333.3333333335,6343.539709560852,83208,0,742,0,OOS,0,1128039.5,0,21000,NaN,0,0,IN SERVICE,60176.518515867894,1355083.3333333333,507.61580882308965,30000,0,742,0,IN SERVICE,776.6962684982294,5606333.333333333,9.302809293365478,7680,0,742,0,IN SERVICE,79229.71875,21702276.083333332,5332.6875,96000,1,744,0,IN SERVICE,0,21717500,0,96000,0,0,0
2023-08-01T00:00:00,2023-08-31T23:00:00,IN SERVICE,12678.71307257202,25000,11015.245247508607,12000,1,744,0,IN SERVICE,46834.54056325955,105000,4861.97836127054,12000,1,744,0,IN SERVICE,4389.993597415874,70000,52.835726402198844,21000,1,744,0,OOS,0,25000,0,7800,NaN,0,0,IN SERVICE,41631.17267554367,45833.333333333336,1499.9386947796436,7500,1,744,0,IN SERVICE,8329.921865569575,166666.66666666666,13.438535319069238,9000,0,742,0,IN SERVICE,494787.5688799037,2102333.3333333335,7235.44200289177,83208,1,744,0,IN SERVICE,363957.664179224,2102333.3333333335,5329.810834533877,83208,1,744,0,OOS,0,1128039.5,0,21000,NaN,0,0,IN SERVICE,37280.452460815424,1355083.3333333333,696.4564922346498,30000,1,744,0,IN SERVICE,719.851874079895,5606333.333333333,10.800235079956055,7680,1,744,0,IN SERVICE,30133.5234375,21702276.083333332,1162.21875,96000,1,744,0,IN SERVICE,0,21717500,0,96000,0,0,0
2023-09-01T00:00:00,2023-09-30T23:00:00,IN SERVICE,1351.369310921519,25000,17.665189825532355,12000,1,720,0,IN SERVICE,18231.947528644712,105000,3377.266331656136,12000,1,720,0,IN SERVICE,3993.0237630339425,70000,37.92517361310773,21000,1,720,0,OOS,0,25000,0,7800,NaN,0,0,IN SERVICE,7803.277442149694,45833.333333333336,1509.9994409516908,7500,1,720,0,IN SERVICE,8114.280189496566,166666.66666666666,13.341998646813114,9000,1,720,0,IN SERVICE,517391.5509022507,2102333.3333333335,22279.878888851363,83208,1,720,0,IN SERVICE,380399.1242826119,2102333.3333333335,16123.301052146076,83208,1,720,0,OOS,0,1128039.5,0,21000,NaN,0,0,IN SERVICE,39754.49956873925,1355083.3333333333,597.5100401170349,30000,1,720,0,IN SERVICE,2472.741476031876,5606333.333333333,906.420743083191,7680,1,720,0,IN SERVICE,5.798583984375,21702276.083333332,5.798583984375,96000,1,720,0,IN SERVICE,0,21717500,0,96000,0,0,0
2023-10-01T00:00:00,2023-10-31T23:00:00,IN SERVICE,1240.2116985189189,25000,19.719634703551872,12000,0,731,0,IN SERVICE,43784.04803257893,105000,2435.3875777334265,12000,0,731,0,IN SERVICE,24095.6618010916,70000,5744.693852408487,21000,0,731,0,OOS,0,25000,0,7800,NaN,0,0,IN SERVICE,4708.534544911535,45833.333333333336,432.96955677571935,7500,0,731,0,IN SERVICE,8255.83449211811,166666.66666666666,13.280518557143024,9000,0,731,0,IN SERVICE,528192.4211108525,2102333.3333333335,6586.143991418433,83208,0,731,0,IN SERVICE,389253.5527543026,2102333.3333333335,4844.183726744838,83208,0,731,0,OOS,0,1128039.5,0,21000,NaN,0,0,IN SERVICE,NaN,1355083.3333333333,1288.6921940931702,30000,0,731,0,IN SERVICE,NaN,5606333.333333333,43.0034704170227,7680,0,731,0,IN SERVICE,0.0,21702276.083333332,0.0,96000,1,744,0,IN SERVICE,0,21717500,0,96000,0,0,0
2023-11-01T00:00:00,2023-11-30T23:00:00,IN SERVICE,1301.5161312706607,25000,16.531702996280206,12000,0,693,0,IN SERVICE,79087.15433622568,105000,33076.65763138703,12000,0,285,3,IN SERVICE,9420.68512712311,70000,830.7796379964566,21000,0,693,0,OOS,0,25000,0,7800,NaN,0,0,IN SERVICE,23720.877249034846,45833.333333333336,2153.3246547978256,7500,0,693,0,IN SERVICE,7683.470492085391,166666.66666666666,12.259739590442086,9000,0,693,0,IN SERVICE,473921.6844142711,2102333.3333333335,15617.233361182858,83208,0,693,0,IN SERVICE,348680.2230509326,2102333.3333333335,11514.167643130308,83208,0,693,0,OOS,0,1128039.5,0,21000,NaN,0,0,IN SERVICE,NaN,1355083.3333333333,358.52807006927486,30000,0,693,0,IN SERVICE,NaN,5606333.333333333,17.188788327026366,7680,0,693,0,IN SERVICE,0.0,21702276.083333332,0.0,96000,1,721,0,IN SERVICE,0,21717500,0,96000,0,0,0
2023-12-01T00:00:00,2023-12-31T23:00:00,IN SERVICE,1395.0490355202003,25000,14.396294773314107,12000,0,733,0,IN SERVICE,0.0,105000,0.0,12000,0,0,0,IN SERVICE,12869.772856806181,70000,834.4936787641406,21000,0,733,0,OOS,0,25000,0,7800,NaN,0,0,IN SERVICE,17236.12009658823,45833.333333333336,1590.0506175552066,7500,0,733,0,IN SERVICE,8131.902532980445,166666.66666666666,11.705894502833134,9000,0,737,0,IN SERVICE,589403.73033154,2102333.3333333335,11413.940835198577,83208,0,697,0,IN SERVICE,461858.6365598501,2102333.3333333335,8249.960060419487,83208,0,733,0,OOS,0,1128039.5,0,21000,NaN,0,0,IN SERVICE,NaN,1355083.3333333333,308.6172643322754,30000,0,737,0,IN SERVICE,NaN,5606333.333333333,36.407888768005364,7680,0,733,0,IN SERVICE,0.0,21702276.083333332,0.0,96000,1,744,0,IN SERVICE,0,21717500,0,96000,0,0,0
2024-01-01T00:00:00,2024-01-31T23:00:00,IN SERVICE,1836.2587838065967,25000,24.289003483974593,12000,0,740,0,IN SERVICE,0.0,105000,0.0,12000,0,0,0,IN SERVICE,13366.322495536731,70000,784.8384558924271,21000,0,740,0,OOS,0,25000,0,7800,NaN,0,0,IN SERVICE,17004.36210145365,45833.333333333336,1947.0782376709271,7500,0,740,0,IN SERVICE,7908.962181971308,166666.66666666666,11.898224726436645,9000,0,740,0,IN SERVICE,732586.0759935683,2102333.3333333335,13362.720493750807,83208,0,740,0,IN SERVICE,542592.0858083062,2102333.3333333335,9885.355473994447,83208,0,740,0,OOS,0,1128039.5,0,21000,NaN,0,0,IN SERVICE,NaN,1355083.3333333333,658.5841381022645,30000,0,740,0,IN SERVICE,NaN,5606333.333333333,1422.6358531230924,7680,0,740,0,IN SERVICE,0.0,21702276.083333332,0.0,96000,1,744,0,IN SERVICE,0,21717500,0,96000,0,0,0
2024-02-01T00:00:00,2024-02-29T23:00:00,IN SERVICE,1516.7774246473844,25000,18.50518452935314,12000,0,692,0,IN SERVICE,0.0,105000,0.0,12000,0,0,0,IN SERVICE,23215.269675002146,70000,6213.271635984928,21000,0,692,0,OOS,0,25000,0,7800,NaN,0,0,IN SERVICE,11164.794841136807,45833.333333333336,2744.154244320534,7500,0,692,0,IN SERVICE,7450.566276459019,166666.66666666666,12.529981652817387,9000,0,692,0,IN SERVICE,653384.6632039127,2102333.3333333335,6280.3118195572915,83208,0,692,0,IN SERVICE,482912.82929915393,2102333.3333333335,4691.515993773765,83208,0,692,0,OOS,0,1128039.5,0,21000,NaN,0,0,IN SERVICE,NaN,1355083.3333333333,2977.6278308594515,30000,0,692,0,IN SERVICE,NaN,5606333.333333333,1174.4586554512023,7680,0,692,0,IN SERVICE,0.0,21702276.083333332,0.0,96000,1,696,0,IN SERVICE,0,21717500,0,96000,0,0,0
2024-03-01T00:00:00,2024-03-31T23:00:00,IN SERVICE,1651.2777814398944,25000,20.807579651271567,12000,0,739,0,IN SERVICE,0.0,105000,0.0,12000,0,0,0,IN SERVICE,14998.726292504667,70000,3558.626032463863,21000,0,739,0,OOS,0,25000,0,7800,NaN,0,0,IN SERVICE,11346.648038986228,45833.333333333336,1846.9033275234567,7500,0,739,0,IN SERVICE,8109.839062551593,166666.66666666666,12.156049062886575,9000,0,739,0,IN SERVICE,652409.7328602645,2102333.3333333335,10019.448422674886,83208,0,739,0,IN SERVICE,484222.65793564974,2102333.3333333335,7444.174470963499,83208,0,739,0,OOS,0,1128039.5,0,21000,NaN,0,0,IN SERVICE,NaN,1355083.3333333333,717.4035316387939,30000,0,739,0,IN SERVICE,NaN,5606333.333333333,26.844610372924805,7680,0,739,0,IN SERVICE,0.0,21702276.083333332,0.0,96000,1,743,0,IN SERVICE,0,21717500,0,96000,0,0,0
2024-04-01T00:00:00,2024-04-30T23:00:00,IN SERVICE,1571.913462556007,25000,15.0389413238276,12000,0,718,0,IN SERVICE,0.0,105000,0.0,12000,0,0,0,IN SERVICE,5957.497510453104,70000,65.94105853921484,21000,1,720,0,OOS,0,25000,0,7800,NaN,0,0,IN SERVICE,5623.674718992032,45833.333333333336,400.7198113886234,7500,1,720,0,IN SERVICE,8057.559552852559,166666.66666666666,12.747609584584948,9000,1,720,0,IN SERVICE,575101.5726719152,2102333.3333333335,12758.206698182215,83208,1,720,0,IN SERVICE,421192.26274391223,2102333.3333333335,9219.588005349071,83208,0,718,0,OOS,0,1128039.5,0,21000,NaN,0,0,IN SERVICE,50380.91495485632,1355083.3333333333,646.7527852766419,30000,1,720,0,IN SERVICE,691.3595087974559,5606333.333333333,25.099315324401854,7680,0,718,0,IN SERVICE,0.0,21702276.083333332,0.0,96000,1,720,0,IN SERVICE,0,21717500,0,96000,0,0,0
2024-05-01T00:00:00,2024-05-31T23:00:00,IN SERVICE,1505.1187029750768,25000,24.6027364456426,12000,1,744,0,IN SERVICE,0.0,105000,0.0,12000,0,0,0,IN SERVICE,5219.918539838175,70000,81.17276966526049,21000,1,744,0,OOS,0,25000,0,7800,NaN,0,0,IN SERVICE,8712.758586583399,45833.333333333336,1909.7958779979476,7500,1,744,0,IN SERVICE,8240.30752139438,166666.66666666666,12.152772309273246,9000,1,744,0,IN SERVICE,693118.7817829638,2102333.3333333335,10266.206628398195,83208,1,744,0,IN SERVICE,510436.7187480697,2102333.3333333335,7417.463290730707,83208,1,744,0,OOS,0,1128039.5,0,21000,NaN,0,0,IN SERVICE,38118.611282120815,1355083.3333333333,486.4048854908753,30000,1,744,0,IN SERVICE,1201.5982758659356,5606333.333333333,204.5814261657715,7680,1,744,0,IN SERVICE,0.0,21702276.083333332,0.0,96000,1,744,0,IN SERVICE,0,21717500,0,96000,0,0,0
